{"cov":"sample","N_default":50,"leads":20,"dims":2,"order":"lead-major [l0_east,l0_north,...] km per 6h step","cover90":0.761,"cone_km":[50.6,111.5,182.8,260.6,342.2,430.3,519.5,611.1,703.8,796.2,887.9,978.8,1076.1,1173.5,1274.1,1373.1,1474.2,1573.0,1689.0,1801.7],"L":[24.68927,0.0,0.0,0.0,0.0,0.0,0.0,0.0,0.0,0.0,0.0,0.0,0.0,0.0,0.0,0.0,0.0,0.0,0.0,0.0,0.0,0.0,0.0,0.0,0.0,0.0,0.0,0.0,0.0,0.0,0.0,0.0,0.0,0.0,0.0,0.0,0.0,0.0,0.0,0.0,0.32746,22.83133,0.0,0.0,0.0,0.0,0.0,0.0,0.0,0.0,0.0,0.0,0.0,0.0,0.0,0.0,0.0,0.0,0.0,0.0,0.0,0.0,0.0,0.0,0.0,0.0,0.0,0.0,0.0,0.0,0.0,0.0,0.0,0.0,0.0,0.0,0.0,0.0,0.0,0.0,24.08929,-1.21223,24.7523,0.0,0.0,0.0,0.0,0.0,0.0,0.0,0.0,0.0,0.0,0.0,0.0,0.0,0.0,0.0,0.0,0.0,0.0,0.0,0.0,0.0,0.0,0.0,0.0,0.0,0.0,0.0,0.0,0.0,0.0,0.0,0.0,0.0,0.0,0.0,0.0,0.0,1.78021,20.936,0.38682,22.35352,0.0,0.0,0.0,0.0,0.0,0.0,0.0,0.0,0.0,0.0,0.0,0.0,0.0,0.0,0.0,0.0,0.0,0.0,0.0,0.0,0.0,0.0,0.0,0.0,0.0,0.0,0.0,0.0,0.0,0.0,0.0,0.0,0.0,0.0,0.0,0.0,21.53699,-1.66424,26.91318,-0.98106,24.24443,0.0,0.0,0.0,0.0,0.0,0.0,0.0,0.0,0.0,0.0,0.0,0.0,0.0,0.0,0.0,0.0,0.0,0.0,0.0,0.0,0.0,0.0,0.0,0.0,0.0,0.0,0.0,0.0,0.0,0.0,0.0,0.0,0.0,0.0,0.0,2.13783,16.86014,1.7621,23.13651,0.32028,21.98154,0.0,0.0,0.0,0.0,0.0,0.0,0.0,0.0,0.0,0.0,0.0,0.0,0.0,0.0,0.0,0.0,0.0,0.0,0.0,0.0,0.0,0.0,0.0,0.0,0.0,0.0,0.0,0.0,0.0,0.0,0.0,0.0,0.0,0.0,19.8208,-1.40928,25.00198,-1.36582,25.51356,-0.94762,24.48152,0.0,0.0,0.0,0.0,0.0,0.0,0.0,0.0,0.0,0.0,0.0,0.0,0.0,0.0,0.0,0.0,0.0,0.0,0.0,0.0,0.0,0.0,0.0,0.0,0.0,0.0,0.0,0.0,0.0,0.0,0.0,0.0,0.0,2.17814,14.34941,2.25349,19.71158,1.79829,22.4014,0.48763,22.23724,0.0,0.0,0.0,0.0,0.0,0.0,0.0,0.0,0.0,0.0,0.0,0.0,0.0,0.0,0.0,0.0,0.0,0.0,0.0,0.0,0.0,0.0,0.0,0.0,0.0,0.0,0.0,0.0,0.0,0.0,0.0,0.0,18.5067,-0.59679,22.4475,-1.15579,23.49704,-1.12366,26.28249,-0.89129,24.77984,0.0,0.0,0.0,0.0,0.0,0.0,0.0,0.0,0.0,0.0,0.0,0.0,0.0,0.0,0.0,0.0,0.0,0.0,0.0,0.0,0.0,0.0,0.0,0.0,0.0,0.0,0.0,0.0,0.0,0.0,0.0,1.77075,12.89328,2.47192,16.61907,2.38691,19.28181,2.14931,22.97791,0.53386,22.59328,0.0,0.0,0.0,0.0,0.0,0.0,0.0,0.0,0.0,0.0,0.0,0.0,0.0,0.0,0.0,0.0,0.0,0.0,0.0,0.0,0.0,0.0,0.0,0.0,0.0,0.0,0.0,0.0,0.0,0.0,16.86116,0.31451,20.38803,-0.22334,21.51397,-0.8398,24.86003,-1.02655,26.67358,-0.96168,24.89762,0.0,0.0,0.0,0.0,0.0,0.0,0.0,0.0,0.0,0.0,0.0,0.0,0.0,0.0,0.0,0.0,0.0,0.0,0.0,0.0,0.0,0.0,0.0,0.0,0.0,0.0,0.0,0.0,0.0,1.35124,10.98962,1.90799,14.51272,2.5508,16.62364,3.01438,20.16545,2.37127,23.54862,0.62966,22.81519,0.0,0.0,0.0,0.0,0.0,0.0,0.0,0.0,0.0,0.0,0.0,0.0,0.0,0.0,0.0,0.0,0.0,0.0,0.0,0.0,0.0,0.0,0.0,0.0,0.0,0.0,0.0,0.0,15.19766,1.13048,18.06189,0.7813,19.83978,-0.03402,23.14871,-0.83208,25.33287,-1.07134,27.08388,-0.96718,25.28969,0.0,0.0,0.0,0.0,0.0,0.0,0.0,0.0,0.0,0.0,0.0,0.0,0.0,0.0,0.0,0.0,0.0,0.0,0.0,0.0,0.0,0.0,0.0,0.0,0.0,0.0,0.0,1.23727,9.04344,1.1708,12.09841,1.945,14.60065,3.36452,17.60264,3.38105,20.87494,2.71177,23.76119,0.93713,23.09917,0.0,0.0,0.0,0.0,0.0,0.0,0.0,0.0,0.0,0.0,0.0,0.0,0.0,0.0,0.0,0.0,0.0,0.0,0.0,0.0,0.0,0.0,0.0,0.0,0.0,0.0,13.27037,2.12788,15.88957,1.50376,17.7096,0.91375,21.60569,-0.11341,23.74637,-0.72738,25.83281,-1.08517,27.44764,-1.11772,25.78167,0.0,0.0,0.0,0.0,0.0,0.0,0.0,0.0,0.0,0.0,0.0,0.0,0.0,0.0,0.0,0.0,0.0,0.0,0.0,0.0,0.0,0.0,0.0,0.0,0.0,1.32302,7.4833,0.76006,9.71829,1.30941,12.35662,2.87187,15.62966,3.81451,18.34974,3.87305,21.08112,3.13611,24.2008,0.93401,23.43493,0.0,0.0,0.0,0.0,0.0,0.0,0.0,0.0,0.0,0.0,0.0,0.0,0.0,0.0,0.0,0.0,0.0,0.0,0.0,0.0,0.0,0.0,0.0,0.0,11.31169,3.06812,13.44938,2.50841,15.49112,1.68399,19.41109,0.87384,22.11886,0.07066,24.39216,-0.61236,26.39796,-1.16568,28.13078,-1.06228,26.39066,0.0,0.0,0.0,0.0,0.0,0.0,0.0,0.0,0.0,0.0,0.0,0.0,0.0,0.0,0.0,0.0,0.0,0.0,0.0,0.0,0.0,0.0,0.0,1.07686,6.2525,0.48057,7.67011,1.00504,9.88865,2.23617,13.27518,3.30846,16.41065,4.29748,18.53183,4.23941,21.41378,3.14258,24.64452,1.18655,23.90576,0.0,0.0,0.0,0.0,0.0,0.0,0.0,0.0,0.0,0.0,0.0,0.0,0.0,0.0,0.0,0.0,0.0,0.0,0.0,0.0,0.0,0.0,9.22853,3.86612,11.15221,3.46463,13.01045,2.67983,17.01764,1.66869,19.68439,1.09534,22.58861,0.24284,24.99266,-0.6274,27.0563,-1.15896,28.77668,-1.02787,27.14562,0.0,0.0,0.0,0.0,0.0,0.0,0.0,0.0,0.0,0.0,0.0,0.0,0.0,0.0,0.0,0.0,0.0,0.0,0.0,0.0,0.0,0.93477,5.18695,0.08652,5.92196,0.86969,7.71334,1.88495,10.6816,2.53063,14.01783,3.48682,16.50501,4.43231,18.6626,4.16023,21.78905,3.391,25.4815,1.53622,24.65301,0.0,0.0,0.0,0.0,0.0,0.0,0.0,0.0,0.0,0.0,0.0,0.0,0.0,0.0,0.0,0.0,0.0,0.0,0.0,0.0,7.51131,4.17477,9.11472,4.22735,11.02953,3.67528,14.51062,2.51533,17.33518,1.81695,20.22555,1.00548,23.30988,0.13756,25.78685,-0.66255,27.82583,-1.28783,30.07198,-0.86071,27.79858,0.0,0.0,0.0,0.0,0.0,0.0,0.0,0.0,0.0,0.0,0.0,0.0,0.0,0.0,0.0,0.0,0.0,0.0,0.0,1.01758,4.01762,-0.11586,4.47915,0.56745,6.16626,1.50912,8.51274,2.02221,11.40097,2.57024,13.9591,3.6593,16.58488,4.43128,19.00381,4.33427,22.632,4.02909,26.677,1.73522,25.39607,0.0,0.0,0.0,0.0,0.0,0.0,0.0,0.0,0.0,0.0,0.0,0.0,0.0,0.0,0.0,0.0,0.0,0.0,6.23574,4.52674,7.43422,4.69632,9.09547,4.46653,12.47273,3.37401,14.91487,2.7317,18.07952,1.89219,21.01605,0.99143,24.34732,0.14026,26.90267,-0.96854,29.19422,-1.14082,30.68638,-0.99648,28.4161,0.0,0.0,0.0,0.0,0.0,0.0,0.0,0.0,0.0,0.0,0.0,0.0,0.0,0.0,0.0,0.0,0.0,0.80972,3.33044,-0.22316,3.02361,0.27592,5.06775,1.08411,7.07826,1.53035,9.32451,2.16818,11.54025,2.88082,14.14488,3.79877,16.99789,4.59408,19.94249,4.98948,23.79765,4.07595,27.23867,1.91859,26.10503,0.0,0.0,0.0,0.0,0.0,0.0,0.0,0.0,0.0,0.0,0.0,0.0,0.0,0.0,0.0,0.0,5.28041,4.77297,6.08835,5.17744,7.36991,4.86785,10.54193,4.14473,12.85986,3.69196,15.64705,2.89007,18.98936,1.93444,22.11471,1.03471,25.50665,-0.10873,28.28598,-0.67371,29.97301,-1.19937,31.33565,-0.81857,29.17854,0.0,0.0,0.0,0.0,0.0,0.0,0.0,0.0,0.0,0.0,0.0,0.0,0.0,0.0,0.0,0.90738,2.66395,-0.55644,1.88307,0.0376,3.60737,0.65727,5.8627,1.0722,7.73686,1.58244,9.53318,2.47021,11.81279,3.08323,14.66502,3.86828,18.01525,5.30102,21.05197,5.05842,24.16186,4.25478,27.95824,2.23751,27.11331,0.0,0.0,0.0,0.0,0.0,0.0,0.0,0.0,0.0,0.0,0.0,0.0,0.0,0.0,4.29511,4.74564,5.03879,5.39316,5.94373,5.15458,8.68985,4.48831,10.98741,4.42479,13.62793,3.70684,16.43973,2.94255,20.10112,1.97751,23.20219,0.87857,26.89899,0.40578,29.21032,-0.47586,30.63969,-0.9471,32.15833,-0.6346,30.17484,0.0,0.0,0.0,0.0,0.0,0.0,0.0,0.0,0.0,0.0,0.0,0.0,0.0,1.13138,2.03162,-0.56966,0.87526,-0.29419,2.50154,0.54281,4.3209,0.63269,6.34806,0.94125,7.8763,1.78781,9.74677,2.74755,12.38741,3.27211,15.68255,4.56211,19.22717,5.58041,21.40478,5.23048,24.89282,4.67114,29.1621,2.22659,28.01191,0.0,0.0,0.0,0.0,0.0,0.0,0.0,0.0,0.0,0.0,0.0,0.0,3.49667,4.84873,3.9839,5.4961,5.0143,5.26683,7.22546,4.69211,9.11425,4.71782,11.73546,4.56264,14.4548,3.81266,17.33287,2.94785,21.33299,1.83849,24.4527,1.44702,28.01897,0.59959,30.1131,-0.31627,31.57362,-0.75506,33.24431,-0.66859,31.35324,0.0,0.0,0.0,0.0,0.0,0.0,0.0,0.0,0.0,0.0,0.0,1.27101,1.66072,-0.44108,0.20373,-0.44269,1.4895,0.02368,3.1345,0.49196,4.58704,0.44074,6.42002,1.10601,8.02007,1.91743,10.26315,3.01722,13.31171,3.95724,16.79732,5.00001,19.6711,5.69164,21.95975,5.55128,26.05579,4.51078,30.19481,2.41107,29.06002,0.0,0.0,0.0,0.0,0.0,0.0,0.0,0.0,0.0,0.0,3.05652,4.62721,3.16032,5.91138,4.02957,5.41812,6.26202,4.66465,7.63888,4.85284,9.91329,4.84483,12.59605,4.63617,15.24398,3.7602,18.60253,2.76704,22.5677,2.37481,25.71643,1.46378,29.22338,0.66178,31.14231,-0.29038,32.67171,-1.02472,34.50227,-0.73549,32.62588,0.0,0.0,0.0,0.0,0.0,0.0,0.0,0.0,0.0,1.25781,0.93988,-0.36091,-0.10911,-0.46009,0.61678,-0.12391,2.05595,0.08765,3.34402,0.29477,4.62292,0.55841,6.43316,1.20461,8.46252,2.15464,11.03962,3.64536,14.43187,4.35176,17.14284,5.15044,20.23908,6.00903,23.21568,5.52187,27.06404,4.59415,31.35795,2.32637,30.19763,0.0,0.0,0.0,0.0,0.0,0.0,0.0,0.0,2.54178,4.28023,2.84066,5.78813,3.21339,5.91322,5.4087,4.77607,6.90106,4.94556,8.53597,4.98446,10.68248,4.95753,13.44961,4.5368,16.56773,3.51353,19.8033,3.15365,24.01335,2.3052,27.02596,1.45706,30.39643,0.31091,32.21851,-0.73681,33.80639,-1.16169,36.12592,-0.71119,33.8823,0.0,0.0,0.0,0.0,