{"model": "trackformer_v3_15M dual-stream (int8 onnx)", "history_steps": 9, "feat_dim": 48, "leads": 20, "lead_hours": [6, 12, 18, 24, 30, 36, 42, 48, 54, 60, 66, 72, 78, 84, 90, 96, 102, 108, 114, 120], "out_dim": 17, "target_scale": [100, 100, 35, 20, 50, 50, 50, 50, 50, 50, 50, 50, 50, 50, 50, 50, 50], "state_names": ["east_km", "north_km", "vmax_kt", "pressure_hpa", "rmw_km", "r34_ne", "r34_se", "r34_sw", "r34_nw", "r50_ne", "r50_se", "r50_sw", "r50_nw", "r64_ne", "r64_se", "r64_sw", "r64_nw"], "track_mean": [212.41037, -59.415489, -48.295357, 12.933071, 49.896317, 412.13089, 3.725252, 8.264084, 22.127186, 20.992243, 18.403593, 20.410976, 6.688757, 6.27225, 5.549965, 6.088124, 2.816728, 2.609606, 2.367312, 2.635533, 0.0, -0.218095, 0.024388, 24.0023, 0.923264, 0.41932, 0.04782, 0.265728, 0.216743, 0.216718, 0.216664, 0.216726, 0.126517, 0.126459, 0.126301, 0.126416, 0.083918, 0.083835, 0.083719, 0.083845, -0.453965, 0.102218, 84.541626, -0.009076, 1.473765, -0.4965, 0.817235, 0.3715], "track_std": [366.816772, 229.806152, 73.3983, 49.296734, 33.324131, 485.248108, 18.331299, 16.716, 48.072918, 45.864285, 41.308842, 44.797272, 20.019621, 18.90004, 17.254581, 18.463112, 10.316292, 9.608894, 8.882744, 9.766299, 1.0, 0.703705, 0.675751, 15.493062, 0.266171, 0.493448, 0.213384, 0.44172, 0.412026, 0.412009, 0.411971, 0.412015, 0.332431, 0.332366, 0.332188, 0.332318, 0.277264, 0.27714, 0.276966, 0.277155, 0.627326, 0.525243, 56.301842, 0.266612, 4.651134, 2.85018, 0.386474, 0.483206]}