{"model":"trackformer_v10_17M triple-stream + curved persistence baseline (int8 onnx)","history_steps":9,"feat_dim":54,"leads":20,"lead_hours":[6,12,18,24,30,36,42,48,54,60,66,72,78,84,90,96,102,108,114,120],"out_dim":17,"target_scale":[100.0,100.0,35.0,20.0,50.0,50.0,50.0,50.0,50.0,50.0,50.0,50.0,50.0,50.0,50.0,50.0,50.0],"state_names":["east_km","north_km","vmax_kt","pressure_hpa","rmw_km","r34_ne","r34_se","r34_sw","r34_nw","r50_ne","r50_se","r50_sw","r50_nw","r64_ne","r64_se","r64_sw","r64_nw"],"track_mean":[132.83226,-72.330132,-32.054558,15.687434,48.728878,428.566467,3.438799,8.448034,22.500969,21.423935,18.620195,20.293001,6.388059,6.037525,5.292307,5.766357,2.600677,2.446213,2.183439,2.403695,0.0,-0.216519,0.004954,24.0016,0.902546,0.435236,0.046365,0.270384,0.219506,0.219497,0.219411,0.219464,0.120448,0.120392,0.120225,0.120369,0.077277,0.077188,0.077062,0.077201,-0.337866,0.11003,91.634789,-0.009374,0.586882,-0.183036,0.797904,0.38514,7.142622,18.438208,0.290418,-0.34553,873.238831,15.525659],"track_std":[421.322205,309.698059,85.778236,64.518768,32.167702,488.428467,17.168633,16.797995,49.116932,47.149891,42.275864,44.853703,19.812849,19.107687,17.02733,18.196253,10.114071,9.598463,8.702129,9.488453,1.0,0.705942,0.674345,15.492819,0.296575,0.495788,0.210275,0.444158,0.413912,0.413906,0.413848,0.413883,0.325485,0.325419,0.325225,0.325393,0.26703,0.266889,0.26669,0.266911,0.661506,0.56764,66.311638,0.264644,4.927353,2.880529,0.401564,0.486628,18.749527,7.911656,0.706245,0.545421,704.659607,9.839267]}