{"cov":"sample","N_default":50,"leads":20,"dims":2,"order":"lead-major [l0_east,l0_north,l1_east,l1_north,...] km per 6h step","rmt":{"a":2.0,"beta":0.05},"wp_results":{"diagonal":{"energy":2917.75,"det_km":784.8,"ensmean_km":785.4,"cover90":0.199},"sample":{"energy":2572.73,"det_km":784.8,"ensmean_km":790.4,"cover90":0.819},"ledoit_wolf":{"energy":2576.06,"det_km":784.8,"ensmean_km":790.5,"cover90":0.816},"generalized_mp":{"energy":2580.19,"det_km":784.8,"ensmean_km":792.7,"cover90":0.815}},"cone_km":[49.7,112.2,186.6,268.7,357.7,455.0,557.2,661.0,772.6,885.2,998.7,1114.2,1232.6,1355.4,1479.3,1597.7,1723.5,1845.9,1970.6,2109.7],"L":[24.6322,0.0,0.0,0.0,0.0,0.0,0.0,0.0,0.0,0.0,0.0,0.0,0.0,0.0,0.0,0.0,0.0,0.0,0.0,0.0,0.0,0.0,0.0,0.0,0.0,0.0,0.0,0.0,0.0,0.0,0.0,0.0,0.0,0.0,0.0,0.0,0.0,0.0,0.0,0.0,0.29402,21.95634,0.0,0.0,0.0,0.0,0.0,0.0,0.0,0.0,0.0,0.0,0.0,0.0,0.0,0.0,0.0,0.0,0.0,0.0,0.0,0.0,0.0,0.0,0.0,0.0,0.0,0.0,0.0,0.0,0.0,0.0,0.0,0.0,0.0,0.0,0.0,0.0,0.0,0.0,25.06928,-0.79639,24.80853,0.0,0.0,0.0,0.0,0.0,0.0,0.0,0.0,0.0,0.0,0.0,0.0,0.0,0.0,0.0,0.0,0.0,0.0,0.0,0.0,0.0,0.0,0.0,0.0,0.0,0.0,0.0,0.0,0.0,0.0,0.0,0.0,0.0,0.0,0.0,0.0,0.0,1.97782,21.343,0.45148,22.43864,0.0,0.0,0.0,0.0,0.0,0.0,0.0,0.0,0.0,0.0,0.0,0.0,0.0,0.0,0.0,0.0,0.0,0.0,0.0,0.0,0.0,0.0,0.0,0.0,0.0,0.0,0.0,0.0,0.0,0.0,0.0,0.0,0.0,0.0,0.0,0.0,23.30494,-0.94597,27.39713,-0.94222,24.54865,0.0,0.0,0.0,0.0,0.0,0.0,0.0,0.0,0.0,0.0,0.0,0.0,0.0,0.0,0.0,0.0,0.0,0.0,0.0,0.0,0.0,0.0,0.0,0.0,0.0,0.0,0.0,0.0,0.0,0.0,0.0,0.0,0.0,0.0,0.0,2.56976,18.02165,1.95072,23.70688,0.41046,22.236,0.0,0.0,0.0,0.0,0.0,0.0,0.0,0.0,0.0,0.0,0.0,0.0,0.0,0.0,0.0,0.0,0.0,0.0,0.0,0.0,0.0,0.0,0.0,0.0,0.0,0.0,0.0,0.0,0.0,0.0,0.0,0.0,0.0,0.0,22.94186,-0.59695,24.85846,-1.14123,25.72118,-0.70282,26.28637,0.0,0.0,0.0,0.0,0.0,0.0,0.0,0.0,0.0,0.0,0.0,0.0,0.0,0.0,0.0,0.0,0.0,0.0,0.0,0.0,0.0,0.0,0.0,0.0,0.0,0.0,0.0,0.0,0.0,0.0,0.0,0.0,0.0,2.75284,16.00812,2.2616,20.20464,1.85972,22.74468,1.11241,22.70938,0.0,0.0,0.0,0.0,0.0,0.0,0.0,0.0,0.0,0.0,0.0,0.0,0.0,0.0,0.0,0.0,0.0,0.0,0.0,0.0,0.0,0.0,0.0,0.0,0.0,0.0,0.0,0.0,0.0,0.0,0.0,0.0,22.24271,0.2609,23.2359,-0.9353,24.57558,-0.86575,29.27965,-0.86432,25.01308,0.0,0.0,0.0,0.0,0.0,0.0,0.0,0.0,0.0,0.0,0.0,0.0,0.0,0.0,0.0,0.0,0.0,0.0,0.0,0.0,0.0,0.0,0.0,0.0,0.0,0.0,0.0,0.0,0.0,0.0,0.0,2.51995,14.65018,2.3998,17.94759,2.57946,20.32163,3.10463,23.72671,0.52856,22.57475,0.0,0.0,0.0,0.0,0.0,0.0,0.0,0.0,0.0,0.0,0.0,0.0,0.0,0.0,0.0,0.0,0.0,0.0,0.0,0.0,0.0,0.0,0.0,0.0,0.0,0.0,0.0,0.0,0.0,0.0,21.21506,1.2071,21.9078,-0.10073,23.31562,-0.6623,29.08094,-0.89748,27.67646,-0.93037,25.21354,0.0,0.0,0.0,0.0,0.0,0.0,0.0,0.0,0.0,0.0,0.0,0.0,0.0,0.0,0.0,0.0,0.0,0.0,0.0,0.0,0.0,0.0,0.0,0.0,0.0,0.0,0.0,0.0,0.0,2.12684,13.03859,1.79885,16.41358,2.89269,18.22218,4.4132,21.44006,2.42775,23.85231,0.71237,22.92587,0.0,0.0,0.0,0.0,0.0,0.0,0.0,0.0,0.0,0.0,0.0,0.0,0.0,0.0,0.0,0.0,0.0,0.0,0.0,0.0,0.0,0.0,0.0,0.0,0.0,0.0,0.0,0.0,20.15171,1.9414,19.94121,0.85622,22.05807,0.06712,28.57061,-0.66932,27.19956,-1.08015,28.15256,-1.00588,25.77776,0.0,0.0,0.0,0.0,0.0,0.0,0.0,0.0,0.0,0.0,0.0,0.0,0.0,0.0,0.0,0.0,0.0,0.0,0.0,0.0,0.0,0.0,0.0,0.0,0.0,0.0,0.0,1.92218,11.42374,1.08035,14.24522,2.38175,16.4971,5.0367,19.43875,3.44875,21.57582,2.84322,24.23679,0.92066,23.29213,0.0,0.0,0.0,0.0,0.0,0.0,0.0,0.0,0.0,0.0,0.0,0.0,0.0,0.0,0.0,0.0,0.0,0.0,0.0,0.0,0.0,0.0,0.0,0.0,0.0,0.0,18.56827,2.8207,18.40055,1.62081,20.53362,1.03263,27.50753,-0.00255,26.43538,-0.7342,27.66415,-1.18945,28.56184,-1.21294,26.02141,0.0,0.0,0.0,0.0,0.0,0.0,0.0,0.0,0.0,0.0,0.0,0.0,0.0,0.0,0.0,0.0,0.0,0.0,0.0,0.0,0.0,0.0,0.0,0.0,0.0,1.85178,10.10137,0.7484,12.15755,1.81021,14.61037,4.67387,17.84794,3.81658,19.51096,3.98825,21.99767,3.00604,24.7973,0.88114,23.61449,0.0,0.0,0.0,0.0,0.0,0.0,0.0,0.0,0.0,0.0,0.0,0.0,0.0,0.0,0.0,0.0,0.0,0.0,0.0,0.0,0.0,0.0,0.0,0.0,17.0664,3.73822,16.67701,2.75258,19.07851,1.95258,25.95069,1.01572,25.58843,0.07457,27.06442,-0.74555,28.25783,-1.38757,28.94388,-1.16107,26.43838,0.0,0.0,0.0,0.0,0.0,0.0,0.0,0.0,0.0,0.0,0.0,0.0,0.0,0.0,0.0,0.0,0.0,0.0,0.0,0.0,0.0,0.0,0.0,1.38489,8.96195,0.5172,10.53204,1.4963,12.63685,4.12519,15.9198,3.32204,18.06077,4.46605,19.96086,4.12165,22.48103,3.14691,25.25225,1.09868,24.0239,0.0,0.0,0.0,0.0,0.0,0.0,0.0,0.0,0.0,0.0,0.0,0.0,0.0,0.0,0.0,0.0,0.0,0.0,0.0,0.0,0.0,0.0,15.47921,4.45078,15.04612,3.88198,17.41677,3.08171,24.34881,1.8717,24.04378,1.08558,26.26581,0.04784,27.78101,-0.87623,28.84931,-1.36532,29.47209,-1.23049,27.01033,0.0,0.0,0.0,0.0,0.0,0.0,0.0,0.0,0.0,0.0,0.0,0.0,0.0,0.0,0.0,0.0,0.0,0.0,0.0,0.0,0.0,0.90613,7.77606,0.02291,9.30085,1.22946,10.98537,3.80404,13.75534,2.66929,16.19333,3.83945,18.45339,4.4499,20.25264,4.36935,22.94858,3.45087,25.97052,1.31943,24.57341,0.0,0.0,0.0,0.0,0.0,0.0,0.0,0.0,0.0,0.0,0.0,0.0,0.0,0.0,0.0,0.0,0.0,0.0,0.0,0.0,13.9971,4.69344,13.33505,4.71846,15.80488,4.00241,22.16959,2.87564,22.425,1.84116,24.59562,0.84711,27.05049,-0.07459,28.58915,-0.89021,29.36465,-1.64443,30.3195,-1.07969,27.96436,0.0,0.0,0.0,0.0,0.0,0.0,0.0,0.0,0.0,0.0,0.0,0.0,0.0,0.0,0.0,0.0,0.0,0.0,0.0,0.54086,6.48632,-0.23453,8.11958,0.74135,9.59573,2.8732,11.82879,2.09589,13.93136,2.94565,16.30587,3.78285,18.65203,4.79134,20.68111,4.58729,23.65541,3.82271,26.79369,1.723,25.37313,0.0,0.0,0.0,0.0,0.0,0.0,0.0,0.0,0.0,0.0,0.0,0.0,0.0,0.0,0.0,0.0,0.0,0.0,12.53184,4.91397,12.0415,5.12807,14.16972,4.66212,19.62573,3.59151,20.29508,2.65793,22.78701,1.71275,25.32346,0.80203,27.86749,-0.14328,29.18911,-1.38782,30.15544,-1.4767,31.41156,-0.94504,28.7372,0.0,0.0,0.0,0.0,0.0,0.0,0.0,0.0,0.0,0.0,0.0,0.0,0.0,0.0,0.0,0.0,0.0,-0.13146,5.65145,-0.27839,6.68297,0.41438,8.47955,1.69579,10.33835,1.27604,11.94705,2.35229,14.10646,2.94575,16.54301,4.19054,19.03961,4.94585,21.39482,4.86051,24.31171,4.11314,27.52441,2.05404,26.29033,0.0,0.0,0.0,0.0,0.0,0.0,0.0,0.0,0.0,0.0,0.0,0.0,0.0,0.0,0.0,0.0,11.42195,5.14956,10.93931,5.56187,12.68239,4.96244,17.41991,4.22508,18.43532,3.62962,20.67471,2.74191,23.69196,1.8299,26.19761,0.77,28.53335,-0.50446,30.044,-1.06709,31.29977,-1.17327,32.20126,-0.80855,29.45341,0.0,0.0,0.0,0.0,0.0,0.0,0.0,0.0,0.0,0.0,0.0,0.0,0.0,0.0,0.0,-0.41853,4.919,-0.64078,5.55169,0.13379,7.0258,0.80545,9.08273,0.55854,10.44946,1.58432,12.24714,2.4244,14.42478,3.38975,16.9907,4.19929,19.82809,5.26816,22.00105,5.1534,24.8079,4.44752,28.46204,2.2343,27.23704,0.0,0.0,0.0,0.0,0.0,0.0,0.0,0.0,0.0,0.0,0.0,0.0,0.0,0.0,10.26356,5.27105,10.01436,5.77894,11.40396,5.26643,15.39743,4.49021,16.65147,4.4587,18.89975,3.71555,21.49992,2.98005,24.63027,1.80187,26.85949,0.55549,29.35185,-0.04222,31.13159,-0.47141,32.05274,-0.98852,32.88106,-0.71046,30.41128,0.0,0.0,0.0,0.0,0.0,0.0,0.0,0.0,0.0,0.0,0.0,0.0,0.0,-0.44329,4.36875,-0.74243,4.57903,-0.27425,5.95115,0.39693,7.55754,-0.03718,9.15518,0.82503,10.7288,1.67415,12.50598,3.00588,14.93819,3.55463,17.78238,4.53314,20.51031,5.6409,22.35669,5.44968,25.72273,4.68946,29.53673,2.21801,28.11308,0.0,0.0,0.0,0.0,0.0,0.0,0.0,0.0,0.0,0.0,0.0,0.0,9.13884,5.58636,8.9654,5.77421,10.50835,5.31778,13.62851,4.5387,14.70893,4.84092,17.10038,4.70155,19.77193,3.98639,22.21101,2.8982,25.46382,1.60096,27.47338,0.98021,30.49916,0.59263,32.12168,-0.35994,32.82984,-0.86421,33.96809,-0.69537,31.6334,0.0,0.0,0.0,0.0,0.0,0.0,0.0,0.0,0.0,0.0,0.0,-0.63382,4.23393,-0.67504,3.82936,-0.4897,4.88522,-0.4521,6.36845,-0.28753,7.49732,0.25256,9.40568,0.95803,10.93367,2.16048,13.01273,3.2486,15.66207,3.84877,18.33819,5.03281,20.92375,5.9632,23.10734,5.60494,26.72931,4.52733,30.53177,2.46615,29.17405,0.0,0.0,0.0,0.0,0.0,0.0,0.0,0.0,0.0,0.0,8.63145,5.60365,8.1309,6.10941,9.54115,5.48522,12.43523,4.52015,13.17981,5.05614,15.36496,5.08934,18.03799,4.93172,20.39548,3.87834,23.13054,2.69439,26.08865,2.01274,28.50897,1.47423,31.65449,0.70402,32.82664,-0.33727,33.81382,-0.99559,35.13329,-0.65403,32.73123,0.0,0.0,0.0,0.0,0.0,0.0,0.0,0.0,0.0,-0.83428,3.70799,-0.63672,3.56496,-0.59699,4.03909,-0.83699,5.30756,-0.74291,6.41613,0.09337,7.78871,0.42565,9.53532,1.45994,11.43353,2.34544,13.60125,3.41287,16.16365,4.31522,18.6187,