{"cov":"sample","N_default":50,"leads":20,"dims":2,"order":"lead-major [l0_east,l0_north,...] km per 6h step","cover90":0.777,"cone_km":[51.5,112.6,183.8,261.6,343.6,434.0,524.9,615.4,712.8,807.4,901.8,997.1,1096.7,1195.5,1300.1,1396.9,1501.8,1603.8,1714.1,1829.8],"L":[25.89639,0.0,0.0,0.0,0.0,0.0,0.0,0.0,0.0,0.0,0.0,0.0,0.0,0.0,0.0,0.0,0.0,0.0,0.0,0.0,0.0,0.0,0.0,0.0,0.0,0.0,0.0,0.0,0.0,0.0,0.0,0.0,0.0,0.0,0.0,0.0,0.0,0.0,0.0,0.0,0.98106,22.39157,0.0,0.0,0.0,0.0,0.0,0.0,0.0,0.0,0.0,0.0,0.0,0.0,0.0,0.0,0.0,0.0,0.0,0.0,0.0,0.0,0.0,0.0,0.0,0.0,0.0,0.0,0.0,0.0,0.0,0.0,0.0,0.0,0.0,0.0,0.0,0.0,0.0,0.0,24.23563,-1.18151,24.79206,0.0,0.0,0.0,0.0,0.0,0.0,0.0,0.0,0.0,0.0,0.0,0.0,0.0,0.0,0.0,0.0,0.0,0.0,0.0,0.0,0.0,0.0,0.0,0.0,0.0,0.0,0.0,0.0,0.0,0.0,0.0,0.0,0.0,0.0,0.0,0.0,0.0,2.45532,20.89648,0.47589,22.46572,0.0,0.0,0.0,0.0,0.0,0.0,0.0,0.0,0.0,0.0,0.0,0.0,0.0,0.0,0.0,0.0,0.0,0.0,0.0,0.0,0.0,0.0,0.0,0.0,0.0,0.0,0.0,0.0,0.0,0.0,0.0,0.0,0.0,0.0,0.0,0.0,21.3109,-1.54748,26.70995,-0.97145,24.14281,0.0,0.0,0.0,0.0,0.0,0.0,0.0,0.0,0.0,0.0,0.0,0.0,0.0,0.0,0.0,0.0,0.0,0.0,0.0,0.0,0.0,0.0,0.0,0.0,0.0,0.0,0.0,0.0,0.0,0.0,0.0,0.0,0.0,0.0,0.0,3.11654,17.12039,1.87693,23.39951,0.34624,22.05853,0.0,0.0,0.0,0.0,0.0,0.0,0.0,0.0,0.0,0.0,0.0,0.0,0.0,0.0,0.0,0.0,0.0,0.0,0.0,0.0,0.0,0.0,0.0,0.0,0.0,0.0,0.0,0.0,0.0,0.0,0.0,0.0,0.0,0.0,19.8467,-1.3468,24.62479,-1.46016,25.31764,-1.06182,24.41014,0.0,0.0,0.0,0.0,0.0,0.0,0.0,0.0,0.0,0.0,0.0,0.0,0.0,0.0,0.0,0.0,0.0,0.0,0.0,0.0,0.0,0.0,0.0,0.0,0.0,0.0,0.0,0.0,0.0,0.0,0.0,0.0,0.0,3.65909,14.64392,2.28456,20.07447,1.86834,22.57433,0.56813,22.24711,0.0,0.0,0.0,0.0,0.0,0.0,0.0,0.0,0.0,0.0,0.0,0.0,0.0,0.0,0.0,0.0,0.0,0.0,0.0,0.0,0.0,0.0,0.0,0.0,0.0,0.0,0.0,0.0,0.0,0.0,0.0,0.0,19.23235,-0.36362,21.73134,-1.31001,23.13309,-1.22499,26.17875,-0.73323,25.10944,0.0,0.0,0.0,0.0,0.0,0.0,0.0,0.0,0.0,0.0,0.0,0.0,0.0,0.0,0.0,0.0,0.0,0.0,0.0,0.0,0.0,0.0,0.0,0.0,0.0,0.0,0.0,0.0,0.0,0.0,0.0,3.78528,13.21177,2.20899,16.96714,2.51955,19.47179,2.46858,23.02742,0.94953,22.63236,0.0,0.0,0.0,0.0,0.0,0.0,0.0,0.0,0.0,0.0,0.0,0.0,0.0,0.0,0.0,0.0,0.0,0.0,0.0,0.0,0.0,0.0,0.0,0.0,0.0,0.0,0.0,0.0,0.0,0.0,18.075,0.76941,19.56461,-0.45521,21.074,-0.91675,24.74029,-0.73462,27.19661,-0.64922,25.10708,0.0,0.0,0.0,0.0,0.0,0.0,0.0,0.0,0.0,0.0,0.0,0.0,0.0,0.0,0.0,0.0,0.0,0.0,0.0,0.0,0.0,0.0,0.0,0.0,0.0,0.0,0.0,0.0,0.0,3.69866,11.28572,1.4344,14.97619,2.71246,16.90279,3.43829,20.26808,2.96271,23.56524,0.90446,22.83239,0.0,0.0,0.0,0.0,0.0,0.0,0.0,0.0,0.0,0.0,0.0,0.0,0.0,0.0,0.0,0.0,0.0,0.0,0.0,0.0,0.0,0.0,0.0,0.0,0.0,0.0,0.0,0.0,16.7864,1.64249,17.28075,0.51242,19.43631,-0.10506,23.08182,-0.41302,25.87492,-0.60532,27.46716,-0.82404,25.42588,0.0,0.0,0.0,0.0,0.0,0.0,0.0,0.0,0.0,0.0,0.0,0.0,0.0,0.0,0.0,0.0,0.0,0.0,0.0,0.0,0.0,0.0,0.0,0.0,0.0,0.0,0.0,3.77023,9.2415,0.66768,12.71403,2.14583,14.96604,3.80475,17.72677,3.92405,20.79946,2.96934,23.79526,0.98435,23.12582,0.0,0.0,0.0,0.0,0.0,0.0,0.0,0.0,0.0,0.0,0.0,0.0,0.0,0.0,0.0,0.0,0.0,0.0,0.0,0.0,0.0,0.0,0.0,0.0,0.0,0.0,15.1868,2.56299,15.2193,1.32369,17.39491,0.94852,21.54518,0.4968,24.28024,-0.14906,26.17689,-0.88859,27.66146,-1.06185,25.83378,0.0,0.0,0.0,0.0,0.0,0.0,0.0,0.0,0.0,0.0,0.0,0.0,0.0,0.0,0.0,0.0,0.0,0.0,0.0,0.0,0.0,0.0,0.0,0.0,0.0,3.87537,7.60439,0.32129,10.45661,1.54478,12.8238,3.33593,15.8327,4.22928,18.27077,4.0416,21.1329,3.09607,24.273,1.00438,23.48795,0.0,0.0,0.0,0.0,0.0,0.0,0.0,0.0,0.0,0.0,0.0,0.0,0.0,0.0,0.0,0.0,0.0,0.0,0.0,0.0,0.0,0.0,0.0,0.0,13.50107,3.40261,13.01593,2.39646,15.41076,1.78854,19.46496,1.60208,22.59667,0.6509,24.694,-0.37469,26.63887,-1.08764,28.30755,-1.02105,26.33934,0.0,0.0,0.0,0.0,0.0,0.0,0.0,0.0,0.0,0.0,0.0,0.0,0.0,0.0,0.0,0.0,0.0,0.0,0.0,0.0,0.0,0.0,0.0,3.43752,6.25836,0.10484,8.61945,1.27086,10.55241,2.7743,13.64446,3.65991,16.41922,4.43504,18.63635,4.10014,21.54975,3.2534,24.81696,1.20799,23.92168,0.0,0.0,0.0,0.0,0.0,0.0,0.0,0.0,0.0,0.0,0.0,0.0,0.0,0.0,0.0,0.0,0.0,0.0,0.0,0.0,0.0,0.0,11.68605,4.07831,10.89885,3.46998,13.21546,2.74301,17.35956,2.34232,20.31564,1.61194,23.01109,0.41173,25.33643,-0.54632,27.43129,-1.13072,28.91417,-1.03175,26.95125,0.0,0.0,0.0,0.0,0.0,0.0,0.0,0.0,0.0,0.0,0.0,0.0,0.0,0.0,0.0,0.0,0.0,0.0,0.0,0.0,0.0,2.85907,5.02202,-0.26398,7.06486,1.13132,8.55114,2.5145,11.19216,2.95936,14.14242,3.69623,16.61286,4.26927,18.84178,4.28463,22.01437,3.44768,25.5081,1.39931,24.51309,0.0,0.0,0.0,0.0,0.0,0.0,0.0,0.0,0.0,0.0,0.0,0.0,0.0,0.0,0.0,0.0,0.0,0.0,0.0,0.0,10.1298,4.42257,8.81188,4.28489,11.26944,3.65633,14.96204,3.17029,18.10202,2.39037,20.66121,1.15326,23.8255,0.25869,26.33792,-0.61634,28.2356,-1.26615,29.88815,-0.90953,27.65731,0.0,0.0,0.0,0.0,0.0,0.0,0.0,0.0,0.0,0.0,0.0,0.0,0.0,0.0,0.0,0.0,0.0,0.0,0.0,2.63073,3.75264,-0.59068,5.76906,0.66437,7.07912,2.06142,9.12415,2.50582,11.75666,2.85684,14.17527,3.616,16.84916,4.57472,19.30239,4.4554,22.78955,3.80834,26.44116,1.62149,25.23266,0.0,0.0,0.0,0.0,0.0,0.0,0.0,0.0,0.0,0.0,0.0,0.0,0.0,0.0,0.0,0.0,0.0,0.0,9.02322,4.81187,7.0524,4.67349,9.25832,4.36057,12.85655,3.92274,15.65556,3.22183,18.42554,2.03836,21.46702,1.13765,24.85134,0.16981,27.44465,-0.94052,29.21697,-1.17355,30.60322,-1.01431,28.46416,0.0,0.0,0.0,0.0,0.0,0.0,0.0,0.0,0.0,0.0,0.0,0.0,0.0,0.0,0.0,0.0,0.0,2.21572,2.95669,-0.76374,4.28079,0.2779,5.92355,1.51599,7.59918,1.95244,9.73936,2.4669,11.82275,2.88507,14.44313,3.91598,17.27539,4.77256,20.16714,4.79826,23.65055,3.95136,27.11802,1.95725,26.13281,0.0,0.0,0.0,0.0,0.0,0.0,0.0,0.0,0.0,0.0,0.0,0.0,0.0,0.0,0.0,0.0,8.16261,5.07915,5.72995,5.11103,7.50865,4.65399,10.83496,4.53347,13.51815,3.96859,15.78329,2.89666,19.26203,2.01881,22.49864,1.04437,26.08841,-0.08498,28.42193,-0.7812,29.89617,-1.25525,31.43986,-0.81304,29.23589,0.0,0.0,0.0,0.0,0.0,0.0,0.0,0.0,0.0,0.0,0.0,0.0,0.0,0.0,0.0,2.07159,2.22368,-1.12134,3.12926,0.00383,4.38552,0.96711,6.25674,1.47935,8.13596,1.85319,9.7968,2.49982,12.05412,3.13199,14.88633,3.97841,18.20733,5.11668,20.98084,4.93902,24.14351,4.35052,28.07588,2.27476,27.1493,0.0,0.0,0.0,0.0,0.0,0.0,0.0,0.0,0.0,0.0,0.0,0.0,0.0,0.0,7.20029,5.08861,4.83918,5.3485,6.16952,4.93271,8.96952,4.72583,11.48121,4.49672,13.58643,3.61514,16.41826,2.90877,20.28125,1.93855,23.68291,0.83156,27.05716,0.11156,29.08834,-0.69092,30.68904,-1.02851,32.24562,-0.64284,30.2671,0.0,0.0,0.0,0.0,0.0,0.0,0.0,0.0,0.0,0.0,0.0,0.0,0.0,1.86585,1.60002,-1.08289,2.1604,-0.31829,3.24082,0.7625,4.57207,0.97593,6.63685,1.11856,8.05923,1.7613,9.89448,2.77783,12.56561,3.26193,15.80395,4.32408,19.1294,5.41034,21.35779,5.31823,25.01374,4.72027,29.21734,2.30408,28.04471,0.0,0.0,0.0,0.0,0.0,0.0,0.0,0.0,0.0,0.0,0.0,0.0,6.37414,5.23392,3.92941,5.45175,5.32017,5.05836,7.54491,4.85923,9.53108,4.71203,11.63904,4.41332,14.24951,3.72665,17.41351,2.951,21.76671,1.82567,24.61311,1.07045,27.82466,0.25579,30.00237,-0.52888,31.53681,-0.81909,33.34495,-0.60867,31.41531,0.0,0.0,0.0,0.0,0.0,0.0,0.0,0.0,0.0,0.0,0.0,1.46923,1.31276,-0.88193,1.48739,-0.44315,2.20146,0.19075,3.26841,0.77759,4.83304,0.65995,6.57353,1.06319,8.18617,1.99662,10.48185,2.98562,13.4541,3.66591,16.67387,4.75146,19.55743,5.70285,22.03673,5.5473,26.06461,4.54111,30.24466,2.4652,29.10945,0.0,0.0,0.0,0.0,0.0,0.0,0.0,0.0,0.0,0.0,6.12516,5.09446,3.18358,5.80853,4.38829,5.2115,6.59952,4.8495,8.13135,4.80376,9.86462,4.61106,12.37003,4.52298,15.32642,3.81039,19.03867,2.85572,22.78481,2.07347,25.44553,1.1417,28.99261,0.40401,30.95534,-0.38338,32.62148,-0.97759,34.48679,-0.73003,32.58772,0.0,0.0,0.0,0.0,0.0,0.0,0.0,0.0,0.0,1.17866,0.61495,-0.81209,1.23126,-0.5238,1.3402,0.014,2.12052,0.33226,3.58638,0.61803,4.86971,0.55487,6.67945,1.35284,8.80166,2.15627,11.22516,3.3021,14.24977,4.02423,16.95076,5.12183,20.24952,5.96878,23.16804,5.42511,27.02999,4.58782,31.40604,2.32348,30.18644,0.0,0.0,0.0,0.0,0.0,0.0,0.0,0.0,5.84334,4.83653,2.89895,5.63893,3.53421,5.70581,5.63467,5.00635,7.3767,4.90141,8.51954,4.71086,10.46268,4.76725,13.52662,4.5884,17.02094,3.69117,20.07592,2.94886,23.71168,2.08781,26.721,1.20674,30.08041,0.21038,32.02617,-0.69866,33.69745,-1.12717,35.99954,-0.68175,33.80986,0.0,0.0,0.0,0.0,