{"steps": 4, "latent": 32, "output_dim": 28, "channels": 10, "patch": 33, "lead_hours": [6, 12, 24, 48, 72, 96, 120], "ensemble_members": 50, "spread": 1.1297996044158936, "track_scaler_mean": [-0.22578241611968297, 0.5192995545594508, 0.5464269741370319, 0.6208196725271609, 0.0, 0.0, 0.0, -0.41521459652996456, -0.2737358502690415], "track_scaler_scale": [0.3597667827233072, 0.6486545407027147, 0.35226583394856736, 0.5491974220841468, 1.0, 1.0, 1.0, 0.5813295214690152, 0.6439887498278921], "y_scaler_mean": [0.15573770792713465, -0.3454545500359308, 0.5882414304908093, 0.5603874809318257, 0.3098360686139627, -0.6830104353064574, 0.6044858407379085, 0.5353204176584939, 0.6345752609224682, -1.3566318921600475, 0.6354992535359458, 0.48789865820600625, 1.3061102847561752, -2.7037257839954734, 0.6925335288847256, 0.4021758559630454, 2.0160953832454367, -4.013710884974184, 0.746974662301615, 0.3195529053412411, 2.7576751162127304, -5.261400880838915, 0.7878241408866138, 0.25418777853228297, 3.537555892048223, -6.413263785623669, 0.8229210093817306, 0.1972876296013638], "y_scaler_scale": [0.1831802617865379, 0.27999264727446577, 0.3531854695569589, 0.5570802896880417, 0.3506754874920531, 0.5512839903902038, 0.3512884430838694, 0.5565982831623941, 0.6804025412728476, 1.087750510627113, 0.349481212674043, 0.5584192841988562, 1.3095003933783829, 2.1666076770550617, 0.3429365856469133, 0.5540804099922831, 1.8749371292914285, 3.19861507973778, 0.3392526145113033, 0.5503082267396604, 2.3964075162706573, 4.20424705657776, 0.3356143518711841, 0.5485492742324841, 2.891241098082057, 5.190388917117947, 0.33665681952004134, 0.5556423256465163], "field_mean": [100767.0390625, -1.4957516193389893, 0.7631047964096069, 14560.0341796875, -1.3342232704162598, 1.5833150148391724, 0.012364779599010944, 57408.30078125, -1.7969789505004883, 1.3714821338653564], "field_std": [393.922607421875, 6.359976291656494, 5.362480163574219, 319.0858459472656, 9.224308013916016, 6.946829795837402, 0.0016427567461505532, 263.04803466796875, 7.790693283081055, 6.801403999328613], "field_channels": ["msl", "u10", "v10", "z850", "u850", "v850", "q850", "z500", "u500", "v500"]}